sex,0.0,1.0,2.0,Total
f,30.831670704479595,16.468635694266307,2.4523775592608428,49.75268395800674
m,31.377072348106978,16.111467388722627,2.75877630516365,50.24731604199325
total,62.20874305258658,32.580103082988934,5.211153864424492,100.0
